booking_id,lead_time_days,people_count,avg_room_rate,nights_stayed,room_type,booking_channel,has_breakfast_included,customer_country,rating_given,loyalty_member,strategic_family,random_noise1,random_noise2
4001,24.0,4,7961.0,9,Suite,App,0.0,Europe,2.8,1,0,2.5389363440475172,-1.0234117967211778
4002,60.0,2,6518.0,6,Standard,Website,0.0,India,3.0,1,1,-0.0893029745058531,1.3438121933736678
4003,97.0,2,4183.0,7,Deluxe,Website,0.0,USA,2.5,0,1,-0.10517913201319443,-1.7456463369437953
4004,4.0,2,9066.0,2,Deluxe,Agent,0.0,Europe,4.9,1,0,1.2001181981705,-0.6949718389291948
4005,57.0,2,8279.0,8,Standard,Agent,1.0,India,4.4,0,0,-0.8605671429266638,-0.5056679251886917
4006,53.0,3,9856.0,9,Suite,App,1.0,India,3.3,0,0,0.28250711018669106,1.2594147628664156
4007,24.0,5,2805.0,4,Deluxe,Agent,1.0,Europe,3.3,1,0,0.7318037076607709,0.452147361387518
4008,49.0,5,4570.0,9,Deluxe,App,0.0,Other,3.6,0,0,-0.8059484121313891,0.17054501639433897
4009,,5,4042.0,1,Suite,App,1.0,Other,,0,0,1.4098994473915945,-1.9443556849765091
4010,7.0,5,6991.0,2,Suite,App,0.0,India,0.0,0,0,1.6489874581841009,0.5553325611581744
4011,70.0,5,8925.0,5,Suite,App,0.0,USA,3.0,0,1,-0.3940326889456688,-1.0667487350324023
4012,76.0,3,0.0,2,Suite,App,0.0,Other,4.3,0,0,-0.7128585579685949,-0.37917293847215855
4013,103.0,4,5781.0,7,Standard,Agent,1.0,India,3.7,1,0,1.0559846459075999,-1.7782896502985075
4014,42.0,5,8885.0,6,Suite,Website,1.0,India,4.1,0,1,-1.1765342196673736,0.260258359592878
4015,0.0,2,11660.0,3,Deluxe,App,1.0,Europe,4.1,0,1,-1.7544702290360656,-0.8871159307207906
4016,38.0,3,9578.0,3,Suite,Website,1.0,India,4.6,0,1,-0.37265990341652394,-0.23542710698988495
4017,,1,2134.0,3,Standard,Agent,0.0,India,4.0,1,0,-0.11967246910098059,-1.0207003855259764
4018,0.0,1,6164.0,8,Standard,App,0.0,India,2.1,1,0,-1.6726414564403413,0.5914659752319105
4019,85.0,2,14415.0,1,Standard,App,1.0,India,2.1,0,0,-1.0662729323440476,-2.318293012610791
4020,119.0,4,2274.0,4,Deluxe,App,0.0,USA,3.0,0,0,0.145141804934424,-0.686750294650795
4021,44.0,3,10728.0,9,Suite,Agent,1.0,,2.2,1,1,1.4706986867262526,0.11006185745796734
4022,48.0,5,,2,Suite,Agent,0.0,Europe,,0,1,0.22415279860262882,0.13879387454762157
4023,32.0,4,3191.0,1,Deluxe,Website,1.0,India,4.8,1,0,-0.8721442029891985,-1.6755718093102618
4024,37.0,5,9349.0,1,Deluxe,Agent,1.0,Europe,3.5,1,0,0.1258695177998265,-0.3051517884813267
4025,77.0,4,12598.0,5,Standard,Website,0.0,Europe,4.0,0,0,0.18539492787030284,0.9225310166032669
4026,27.0,4,13510.0,1,Standard,Website,1.0,Europe,3.9,1,0,-1.0931510552639352,-1.1028243426299502
4027,7.0,2,10476.0,8,Suite,Website,0.0,India,4.1,0,1,0.24750971938082691,0.5088559173729466
4028,119.0,3,3141.0,6,Standard,App,0.0,USA,2.0,0,0,2.3138579124225833,0.31935074408293734
4029,43.0,2,6495.0,9,Deluxe,App,1.0,Other,4.8,0,1,-0.559531437673286,1.0224033831850248
4030,99.0,1,3868.0,8,Standard,Website,0.0,Europe,2.4,1,0,-0.8786806853237169,-0.6272119233196055
4031,38.0,3,9142.0,3,Deluxe,App,1.0,India,2.5,1,0,-0.681803204017314,0.848071910450756
4032,47.0,4,14778.0,8,Deluxe,Agent,0.0,USA,3.2,0,0,1.189084066411367,-0.07737348755042513
4033,14.0,0,9201.0,6,Deluxe,Agent,1.0,Europe,2.6,0,1,-0.15825870574717815,-1.1640970325667446
4034,78.0,3,11767.0,9,Standard,Agent,0.0,Other,4.3,0,1,0.25468229699715206,0.4319054278792011
4035,0.0,4,2973.0,5,Suite,Website,0.0,India,2.7,0,0,-0.9269160069762805,-0.2861698879027921
4036,96.0,1,14768.0,3,Standard,Website,1.0,India,3.4,1,0,-0.018620289319713636,0.08904681216700092
4037,107.0,3,4878.0,2,Deluxe,Agent,1.0,Other,2.7,1,1,-1.9935611101725106,-0.3844445266274893
4038,18.0,4,14845.0,7,Standard,Website,1.0,Europe,4.9,1,1,-0.7933621742108388,-0.9064966976089198
4039,77.0,5,6863.0,4,Suite,Website,1.0,USA,3.5,0,1,-0.18062366383828904,-0.7254296875225834
4040,1.0,3,4606.0,3,Standard,App,0.0,Other,4.1,1,0,0.244156881010404,0.11092298021774584
4041,77.0,3,9232.0,5,Deluxe,Agent,0.0,Europe,4.7,0,1,1.7390562616262655,1.063191371536624
4042,65.0,5,4177.0,2,Deluxe,Website,0.0,Europe,3.8,1,0,-0.6260534827730523,-0.9364501789500816
4043,46.0,4,13147.0,2,Suite,Agent,0.0,USA,2.4,0,0,0.15108063501054947,-1.9116250687842267
4044,45.0,2,10311.0,8,Deluxe,App,0.0,India,4.9,1,1,-0.9395676945170406,-1.868419457450591
4045,0.0,4,12800.0,9,Deluxe,Agent,1.0,Other,2.8,0,0,0.6761631224230382,1.3370461823549957
4046,83.0,1,9676.0,6,Standard,Website,0.0,Other,2.5,0,0,0.7649212311410081,-0.49515857241490435
4047,0.0,1,3625.0,2,Suite,Website,0.0,USA,4.8,1,0,0.6242928248466708,-1.8122598173666469
4048,87.0,3,2608.0,1,Deluxe,App,1.0,India,2.2,1,0,0.7127358979571835,0.17355124983401982
4049,53.0,5,13738.0,3,Suite,Website,1.0,Other,3.5,1,1,1.3026134259755455,0.02974064994998452
4050,56.0,4,13556.0,3,Suite,App,0.0,India,4.0,0,1,0.22244835686566736,0.9933689051296313
4051,117.0,5,11113.0,6,Standard,Website,1.0,India,4.4,1,0,0.23256289861121107,0.17313173768630186
4052,57.0,2,13507.0,8,Deluxe,App,1.0,Europe,4.2,0,0,-0.2605217879951023,-0.7365441409493639
4053,35.0,4,12717.0,6,Suite,App,1.0,India,3.3,0,0,3.3549692185817324,0.23368934051204648
4054,37.0,1,9894.0,8,Suite,Agent,1.0,Europe,2.4,0,1,0.0,1.8191394954562126
4055,63.0,1,,2,Suite,Agent,1.0,India,4.7,0,1,0.34799083647765533,0.04747318320686538
4056,3.0,4,9087.0,6,Suite,Agent,0.0,Europe,3.1,1,0,0.6317130003541596,-0.07231536124189644
0,0.0,2,9346.0,4,Standard,Agent,1.0,India,4.3,1,0,1.5024154233136464,-1.9816984574215948
4058,102.0,4,7390.0,6,Suite,App,0.0,Other,3.9,1,1,-3.6325244118016617,-1.1105751168421922
4059,8.0,3,12090.0,4,Suite,Agent,1.0,USA,2.1,0,0,2.6756308893998537,0.44231587827372915
4060,114.0,1,2945.0,5,Deluxe,App,0.0,India,2.8,1,0,1.194303994231234,0.9988110957770383
0,104.0,2,,1,Deluxe,App,0.0,Europe,4.1,0,1,0.043688730149845624,-0.8542840010545654
4062,22.0,0,14337.0,6,Suite,Website,1.0,Europe,4.6,0,0,-0.49348110453675387,-0.7064786438123369
4063,49.0,4,14558.0,2,Standard,Agent,0.0,Other,2.8,1,1,-0.03443460346003476,-0.34790603143323356
4064,61.0,5,12151.0,6,Standard,App,0.0,USA,4.1,0,1,-0.6553575697501868,-1.1049590404792435
0,85.0,3,2926.0,6,Suite,App,0.0,Europe,3.8,0,0,0.9337853602403967,0.0
4066,4.0,5,8963.0,7,Deluxe,Agent,1.0,India,2.4,0,0,0.0,0.16450358475999485
4067,0.0,5,3733.0,9,Standard,App,1.0,India,3.7,1,0,-0.7234406253453594,-1.5772304907121206
4068,57.0,4,10934.0,6,Deluxe,App,,USA,2.8,1,0,0.1905502351651727,-1.003987361918417
4069,33.0,1,5074.0,6,Standard,Agent,0.0,Other,4.4,0,0,-0.20621410758332123,1.0750622889891779
4070,36.0,5,7483.0,3,Standard,App,1.0,India,3.8,0,0,0.5060442062077399,0.8450853695846129
4071,103.0,4,0.0,7,Standard,Agent,1.0,USA,3.5,1,0,-0.8429188441932663,-0.9691376563995195
4072,114.0,1,14899.0,1,Standard,Website,0.0,USA,3.2,0,1,-0.5064422938849273,0.926598208907492
4073,115.0,4,11912.0,9,Standard,Agent,1.0,Other,3.1,1,0,-1.139636083359275,0.6690830686397483
4074,107.0,5,5483.0,3,Suite,Website,,Other,0.0,1,1,-0.14595349260662102,0.16386059469563977
4075,56.0,3,3185.0,9,Deluxe,Agent,1.0,India,4.6,1,1,1.6017584006249497,-0.41075906699448
4076,62.0,3,6769.0,1,Standard,Website,1.0,USA,3.7,1,0,0.2980759845719421,-0.21617053854041557
4077,50.0,1,2088.0,8,Deluxe,App,0.0,USA,3.4,1,1,-0.6263913316379954,-1.1835972543721138
4078,7.0,4,4286.0,1,Deluxe,App,1.0,,4.7,0,0,-0.1862457430963497,0.3994880271157172
4079,51.0,4,7837.0,6,Standard,Website,1.0,Other,4.0,0,0,-0.14027537443922874,2.147065485718099
4080,72.0,3,5517.0,9,Standard,App,0.0,Europe,4.2,0,1,-0.24546662442567196,1.1326627503289826
4081,36.0,3,6189.0,6,Suite,Website,0.0,Europe,4.2,0,1,-0.9640819223133976,-1.7767165424314304
4082,,5,13612.0,4,Standard,Website,0.0,Other,3.9,1,0,-0.32699028907596933,-1.4191073194076709
4083,19.0,1,6186.0,4,Suite,Website,0.0,India,4.6,0,1,-1.4151483074579418,0.8795052226949001
4084,,2,6720.0,2,Standard,Agent,1.0,,3.0,1,1,0.151005551343786,0.49773466607591665
4085,104.0,5,5743.0,0,Standard,Agent,1.0,India,0.0,0,0,0.3349388289556967,1.9748403482059746
4086,63.0,2,7629.0,2,Suite,Website,1.0,India,4.3,1,0,-0.691718902077357,-0.6980859399349738
4087,39.0,5,4120.0,2,Deluxe,Agent,1.0,Other,4.7,0,1,0.8792931580182844,-0.2079833448539543
4088,13.0,2,8856.0,8,Standard,Agent,1.0,USA,3.8,1,0,0.4271871603018781,0.7656402755068197
4089,56.0,5,3489.0,2,Suite,Website,0.0,India,4.6,0,1,-0.04493303446401357,-1.694131750245532
4090,76.0,1,4722.0,4,Standard,App,0.0,Other,3.2,0,0,-0.4234045094661474,1.1504068387872919
4091,14.0,4,14442.0,2,Standard,Website,1.0,India,,1,0,0.7337523640537996,-0.6821972262978334
4092,3.0,1,14194.0,8,Suite,App,0.0,USA,4.2,1,0,-0.283777132307477,-0.599843920136417
4093,38.0,3,6648.0,3,Standard,Agent,0.0,India,4.5,1,0,-0.0819106356706523,1.1466650756957144
4094,60.0,2,8866.0,6,Suite,App,0.0,Europe,3.1,0,1,0.7648516149591936,1.8986035596900281
4095,112.0,2,7176.0,2,Standard,App,1.0,Europe,2.4,1,0,1.0031222081402393,0.11556949569034464
4096,27.0,1,12117.0,2,Suite,Website,0.0,Europe,2.5,1,0,-1.0083558233063108,0.3266123039959131
4097,39.0,1,13553.0,8,Suite,App,0.0,Europe,2.8,1,0,-0.45444609275019027,0.6133387538359414
4098,46.0,5,14412.0,2,Deluxe,Agent,0.0,Europe,4.9,1,1,-0.6877730060995514,-0.9741199234663435
4099,36.0,4,11415.0,1,Standard,App,0.0,Other,4.4,0,0,0.7790984809326312,-0.08155552273129599
4100,92.0,5,8898.0,7,Deluxe,App,0.0,Other,2.1,0,1,0.0,-1.1222955812708497
4101,43.0,2,4819.0,9,Suite,Agent,1.0,India,4.6,1,1,0.5787353375900632,-0.20335807364374933
0,13.0,1,7347.0,8,Standard,App,1.0,India,3.1,1,0,-0.8753809209769865,0.12243176532024905
4103,65.0,5,5312.0,6,Suite,App,0.0,India,,0,1,1.1114255527418127,0.005745188636355536
4104,42.0,2,8755.0,5,Standard,Website,0.0,,,1,1,0.1434518488339926,0.1855972128433542
4105,53.0,1,13094.0,4,Suite,Website,1.0,Other,3.1,1,0,-1.303727347658388,0.48112521517770046
4106,104.0,4,2930.0,3,Suite,Website,0.0,Other,4.0,1,1,0.5343030435728058,0.4807743826910557
4107,117.0,5,6563.0,3,Standard,App,1.0,Europe,2.9,0,1,-0.6884505134032712,-0.7094263088758581
4108,33.0,5,13479.0,5,Deluxe,Agent,1.0,India,3.7,1,0,-1.4899671986120047,-0.6900496082436799
4109,14.0,2,8701.0,8,Deluxe,App,1.0,Other,2.4,1,0,0.0,-0.0020183887464383277
4110,14.0,3,14950.0,8,Standard,Website,1.0,USA,0.0,1,0,0.0,-0.5200866254532766
4111,117.0,3,4905.0,1,Standard,App,0.0,India,3.5,0,0,-0.23322930292716648,-1.7310851798485154
4112,108.0,1,8947.0,7,Standard,Agent,0.0,India,4.5,0,0,-1.796970132546623,-1.379913272880855
4113,44.0,2,12676.0,4,Deluxe,Agent,1.0,India,0.0,1,1,-0.35394521099051934,0.8734779080551563
4114,2.0,2,7443.0,5,Suite,App,0.0,Other,2.8,1,1,-1.065958519545478,0.38897545130499517
4115,38.0,5,6186.0,4,Deluxe,Website,,Europe,3.3,1,1,-0.6828746068380153,-0.5970317682943019
4116,46.0,2,4638.0,3,Deluxe,Website,1.0,Other,2.9,0,0,0.18390038553790927,1.1113701401926488
4117,79.0,5,10956.0,5,Suite,Agent,0.0,USA,4.9,1,1,1.1110185713365672,1.0965386457251982
4118,80.0,2,5106.0,1,Suite,Agent,0.0,India,3.7,1,0,-0.011344300561165852,-0.8575719901809588
4119,101.0,3,2236.0,7,Standard,Agent,1.0,Other,4.3,1,0,-0.21022630546158977,0.8795560137869464
4120,4.0,3,7946.0,2,Standard,Website,1.0,USA,4.2,0,0,-0.9558295153864831,1.0477627703552947
4121,21.0,3,12174.0,8,Standard,Website,1.0,India,2.1,1,0,-0.22633354079748924,-1.9596308441039416
4122,28.0,4,9317.0,4,Deluxe,Agent,0.0,Other,4.3,1,0,-0.8444200679049318,0.3044876049005358
4123,38.0,2,13220.0,9,Suite,App,0.0,Europe,4.1,1,1,1.8996480894836492,-0.5735413351074565
4124,85.0,3,14759.0,2,Standard,Website,0.0,Other,3.4,0,1,0.8601252201673344,0.42065809639032786
4125,0.0,2,7690.0,9,Standard,Website,1.0,Other,3.0,0,0,1.0063770628983242,0.28381558323078376
4126,37.0,4,14742.0,3,Deluxe,App,0.0,Other,3.5,1,0,-0.31416925488908,-0.24325696347028
4127,31.0,4,12338.0,6,Standard,App,1.0,Europe,2.4,0,1,-0.05822208703617087,-0.2939001724399653
4128,85.0,3,7386.0,6,Suite,Website,1.0,Europe,4.3,1,0,1.0576950671076073,0.1380555848757814
4129,7.0,5,5837.0,9,Standard,App,0.0,India,3.3,1,0,-1.2188008490878919,0.5646842579749293
4130,45.0,5,2726.0,8,Suite,App,1.0,India,,1,1,0.24663161123125862,-0.23048401158562484
4131,113.0,2,13505.0,4,Deluxe,Website,0.0,USA,2.5,0,0,-0.6759159553280627,0.57518771541325
4132,95.0,3,12958.0,0,Standard,App,1.0,Europe,3.6,1,0,1.037733604311884,-0.7412824292610037
0,69.0,0,14673.0,6,Standard,App,1.0,India,4.9,0,0,-0.08345895069752572,0.4002882535018191
4134,47.0,3,,7,Deluxe,App,1.0,India,3.1,0,1,-1.032277775543952,-0.5788290018948747
4135,31.0,5,4580.0,5,Suite,Website,,USA,4.0,1,1,-0.3095046995507207,0.045380263853553315
4136,47.0,3,3611.0,8,Standard,Agent,1.0,USA,4.9,1,1,0.06511944332889412,-0.1187023381373492
4137,48.0,4,11963.0,3,Suite,Agent,0.0,USA,2.1,1,0,0.6677638985417605,0.8855206662774009
4138,2.0,3,12669.0,4,Deluxe,App,0.0,USA,2.6,0,0,-0.00937100615392034,-0.17985993594760843
4139,68.0,3,8100.0,4,Deluxe,Website,1.0,Other,3.5,0,1,0.2662770678064442,0.8474029256003058
4140,47.0,1,10601.0,8,Standard,Website,0.0,Europe,4.8,1,1,-0.6443343339140196,0.37030413307708626
4141,56.0,5,7574.0,2,Deluxe,App,1.0,Europe,3.8,0,0,-0.5667455339513594,1.2631798657140523
4142,101.0,4,4203.0,3,Deluxe,App,1.0,Other,4.1,1,1,-0.09771850275283506,1.1037789787437338
4143,117.0,4,3639.0,9,Suite,Agent,0.0,India,,1,1,0.5873060917783046,-0.1263515425734515
4144,94.0,5,2532.0,6,Suite,Agent,0.0,Europe,3.8,0,0,0.8751222606705533,0.30805357474128486
4145,107.0,5,10001.0,5,Deluxe,Agent,1.0,India,5.0,0,0,0.0,-1.8014543378717174
4146,12.0,5,7365.0,6,Suite,App,0.0,Europe,4.9,1,0,-0.6936370192288736,-0.4742487074854715
0,66.0,5,8976.0,4,Suite,Website,0.0,USA,2.3,0,1,0.8126676728732175,-1.2941746367058098
4148,6.0,1,5496.0,5,Suite,Agent,,Europe,3.5,1,1,1.5308860895744305,2.4902495589881113
4149,30.0,4,14011.0,7,Standard,Agent,0.0,Europe,2.2,1,0,0.38247016113290444,0.4060180634875032
4150,10.0,4,12703.0,1,Deluxe,Agent,0.0,USA,3.7,0,0,1.3387322134051878,-1.4091383933778463
4151,94.0,4,9586.0,9,Suite,Website,1.0,India,4.1,0,1,0.2923379866334895,1.3387359687440783
4152,115.0,1,4454.0,8,Deluxe,App,0.0,India,2.3,0,0,0.5675723662360057,-1.2328338641731509
4153,105.0,5,4772.0,8,Deluxe,Agent,,Other,4.9,0,0,-0.1399300953218363,-0.994244028236498
4154,26.0,1,4421.0,5,Standard,Agent,0.0,Other,4.1,0,0,1.135816672269656,-0.14491886146136895
4155,97.0,1,12400.0,2,Suite,App,0.0,Europe,2.1,0,1,0.2568080077662937,0.0
4156,91.0,5,14677.0,4,Standard,App,1.0,Other,3.8,1,1,0.25450831290231196,-2.1640436316338456
4157,15.0,2,6057.0,2,Deluxe,App,0.0,Other,3.5,1,0,-2.329001522005591,-0.7973974033049951
4158,58.0,2,6328.0,9,Standard,Website,1.0,Other,2.6,0,0,-1.530634167564206,-0.3726158839322529
4159,93.0,4,3758.0,6,Suite,App,1.0,,3.7,0,0,0.6627640810042535,-0.8316321354651739
4160,84.0,3,9903.0,4,Deluxe,Agent,0.0,Europe,4.2,0,0,0.4603211303657342,0.9991686429193334
4161,85.0,3,8329.0,1,Suite,Website,1.0,USA,4.4,1,1,0.380926571658587,0.40962718416028576
4162,43.0,3,12419.0,0,Standard,App,0.0,Other,3.5,1,0,-0.629028055549062,0.2958610302386337
4163,61.0,3,5428.0,2,Standard,Website,0.0,USA,3.9,1,0,-0.22180300149690482,0.8401014550148647
4164,44.0,3,12030.0,4,Standard,Agent,0.0,India,4.3,0,1,1.323897360608905,0.8581919592053292
4165,80.0,5,5278.0,5,Standard,Agent,0.0,Other,4.1,0,1,1.1416496561314948,1.010059265935338
4166,27.0,2,13585.0,2,Standard,Agent,0.0,Other,4.2,0,1,0.5316965830320344,-0.47748369231415266
4167,12.0,5,12190.0,2,Standard,Agent,0.0,India,4.7,1,0,0.6929395968012683,-0.4032136533927956
4168,36.0,2,11684.0,5,Standard,Website,1.0,India,2.9,0,0,-0.02421231336081581,-0.28353637414862654
4169,74.0,5,4479.0,3,Standard,Website,1.0,,3.0,1,0,-0.6907929668610348,-1.0518806820896591
4170,19.0,1,0.0,5,Suite,Agent,0.0,,4.4,0,0,-1.064714744566056,-1.7465711823180101
4171,37.0,3,8758.0,4,Standard,App,0.0,India,4.6,1,0,0.9580887518675795,1.1861840558350925
4172,1.0,3,3941.0,1,Suite,Website,1.0,USA,,1,1,0.24914238814237488,-1.9993325766548466
4173,118.0,2,5705.0,4,Deluxe,Agent,0.0,India,3.0,0,0,-0.43895451978668554,0.3301117984618173
4174,60.0,5,8706.0,6,Standard,App,0.0,Other,3.2,1,0,-0.3401945762405433,-0.43186515331540387
4175,86.0,4,10212.0,7,Standard,Agent,0.0,USA,4.0,1,0,0.41305911221203206,-1.1099259135253883
4176,80.0,3,0.0,8,Suite,Website,0.0,Other,2.7,1,1,-0.36124713214398,-0.17046547181644767
4177,36.0,3,12030.0,8,Deluxe,Website,1.0,Other,3.0,0,0,-0.8146678105234135,0.1778879637369659
4178,105.0,4,8541.0,1,Deluxe,Website,1.0,,4.8,0,0,-0.5051865912715136,-1.0301899817479565
4179,,2,8339.0,6,Standard,Agent,1.0,USA,2.5,1,1,-0.7188696678789095,-0.2487671813784063
4180,70.0,2,3538.0,3,Deluxe,Agent,0.0,Other,0.0,1,0,-0.747898454815439,-1.0849078659299796
4181,93.0,3,7013.0,6,Standard,Website,0.0,Other,2.1,0,1,-0.042622488227557154,-0.2538491128066486
4182,111.0,5,2652.0,6,Standard,Agent,0.0,Europe,0.0,1,1,1.1800226447838724,-1.0915791825045937
4183,17.0,0,7430.0,3,Standard,App,1.0,Europe,3.9,1,0,-1.9011472855970064,0.0
4184,44.0,1,4293.0,1,Suite,App,1.0,Europe,4.5,0,0,1.2761061385159445,0.45921574292070655
4185,75.0,1,8158.0,5,Deluxe,App,0.0,USA,2.4,1,0,0.14608556960582558,0.29657889008648625
4186,113.0,2,5954.0,7,Standard,Agent,0.0,Europe,2.4,0,0,-0.08285502852433693,0.3318435635070108
4187,38.0,4,14312.0,2,Standard,Website,0.0,Europe,3.3,1,0,0.4381511822766201,-0.447656308574668
4188,31.0,4,6859.0,8,Deluxe,App,1.0,USA,4.5,0,1,-0.7002716355427471,-0.48726142019026747
4189,94.0,5,4345.0,1,Deluxe,Website,0.0,Other,4.0,0,0,0.040425969453236184,-1.4460434470203363
4190,25.0,5,8446.0,6,Deluxe,Website,0.0,Other,5.0,1,0,1.6565555703461374,-0.4638377866543861
4191,35.0,5,3085.0,4,Standard,Agent,0.0,India,3.5,0,1,-0.409542304205228,1.0458297734873645
4192,42.0,1,11981.0,9,Deluxe,Agent,0.0,Other,5.0,1,0,-0.4326185566043003,-0.05862698042733642
4193,104.0,1,12629.0,1,Deluxe,App,1.0,USA,2.1,0,0,1.4984947668528907,0.75895291777627
4194,66.0,3,0.0,5,Deluxe,Agent,1.0,Europe,4.5,0,1,0.40329442623475875,0.852809294565182
0,51.0,0,9490.0,8,Suite,Website,0.0,Europe,4.9,1,1,-1.0802857691685979,0.1609941074805871
4196,80.0,3,14262.0,1,Suite,Website,0.0,Europe,4.0,0,1,1.1165931402658982,0.6281200381637756
4197,29.0,3,9381.0,6,Suite,Website,1.0,Other,4.7,1,1,-1.318679938789068,-0.7031413632180915
4198,,1,7294.0,7,Deluxe,Website,,India,4.6,1,1,-0.24272393759256072,0.14467352489550359
4199,26.0,5,0.0,3,Suite,App,1.0,India,3.6,1,0,2.0840939779363437,-0.20592244648968222
4200,25.0,0,3181.0,9,Suite,Website,1.0,Other,2.7,1,1,-1.8481305397794432,0.3766109350757537
4201,26.0,1,6893.0,0,Suite,Agent,1.0,India,2.3,0,0,-0.40324230686879114,-0.1483173908686713
4202,12.0,4,13454.0,8,Standard,App,0.0,Other,2.1,0,1,1.8880050900604688,0.18717155844976466
4203,2.0,5,10954.0,6,Standard,Website,0.0,Europe,3.4,0,1,-0.07169260983819871,0.08807907933231182
4204,5.0,4,4490.0,5,Suite,App,0.0,Europe,4.1,0,0,0.7740384321644123,-0.6034770927378015
4205,10.0,1,13026.0,1,Standard,App,1.0,Other,3.8,1,0,-0.3397782187887669,-0.20619330346070106
4206,4.0,2,14151.0,1,Suite,Agent,0.0,USA,3.5,1,1,1.21074431164681,1.4874441917176477
4207,20.0,5,3874.0,1,Deluxe,Website,0.0,Other,5.0,1,0,-2.2110856291819863,-0.9573478775621828
4208,45.0,5,3945.0,4,Standard,Agent,1.0,USA,4.0,0,0,-1.0575333221702286,-2.1556177729725152
4209,95.0,3,7086.0,9,Standard,Agent,0.0,Europe,4.6,1,0,-2.5818179602734723,-1.4991873489916117
4210,0.0,3,2058.0,7,Suite,Agent,0.0,USA,4.3,1,0,-0.49534102339522584,-1.2012613252679576
4211,89.0,1,7589.0,5,Suite,App,,USA,3.4,1,1,-0.5954397163437259,1.6341587661167563
4212,32.0,4,7199.0,5,Standard,Agent,0.0,USA,4.8,1,0,-1.6855664230973584,0.08393850108687263
4213,54.0,3,14016.0,8,Standard,Agent,1.0,Europe,2.2,0,0,-0.07351039022471349,1.1569971339370089
4214,52.0,1,6758.0,0,Standard,Website,0.0,Other,2.2,0,0,0.6968010437726972,-1.578761539782878
4215,,5,3481.0,1,Suite,App,1.0,Other,2.5,1,0,-0.3233308741025031,-1.063251902606368
4216,5.0,3,8666.0,7,Deluxe,App,1.0,India,3.2,0,1,-1.4904536717567853,2.403687683604028
4217,26.0,3,14011.0,8,Suite,Agent,1.0,USA,4.9,0,1,1.4655343803401681,0.9786635229446988
4218,68.0,5,3362.0,2,Suite,Website,0.0,USA,3.9,0,0,1.618530645422606,0.9807345680811888
4219,117.0,2,11131.0,2,Deluxe,Website,1.0,Other,,0,0,0.12074457485882253,0.12298290701716921
4220,13.0,5,9242.0,7,Deluxe,Agent,0.0,USA,3.8,1,1,1.2778179026982777,-0.2515247464590867
4221,8.0,5,,2,Suite,Agent,0.0,USA,3.1,1,0,0.4406678471194991,1.2910712366267272
4222,44.0,2,3350.0,5,Suite,App,0.0,Europe,4.6,0,0,-1.2950638291603824,0.9297574473477661
4223,84.0,3,8266.0,8,Standard,App,0.0,India,3.7,0,0,0.6091892944403106,0.3320242843856137
4224,9.0,1,13328.0,4,Deluxe,Agent,0.0,USA,3.2,1,0,-0.42971534823435764,-0.21692703754744774
4225,32.0,2,2406.0,2,Standard,Website,0.0,India,3.0,0,0,-0.17848241360960737,0.19080136300753084
4226,108.0,3,4349.0,2,Suite,Website,0.0,USA,4.0,0,1,-0.9670618912574334,-2.4576224986334383
4227,24.0,3,4441.0,5,Deluxe,Agent,1.0,India,4.5,0,1,-0.0966540094309644,2.3849358889400643
4228,41.0,2,0.0,8,Standard,Website,1.0,Other,4.0,0,0,-0.7980278393657319,-1.2116767836123006
4229,69.0,2,10721.0,0,Standard,App,1.0,Other,3.9,1,0,0.9740368262496084,-0.7285200325792783
4230,0.0,2,6799.0,7,Suite,Website,0.0,USA,3.1,1,1,0.20128535613881657,-0.7723759305975412
4231,58.0,2,13711.0,7,Deluxe,App,1.0,Other,2.9,1,0,1.6002616121934299,-0.7911138184114122
4232,56.0,3,,0,Standard,Website,1.0,USA,2.5,0,0,-1.1931847241034799,-0.5632106927727673
4233,78.0,5,5695.0,7,Standard,Agent,0.0,USA,4.0,1,1,1.4194254638349995,0.6380302939970526
4234,39.0,1,8818.0,4,Suite,App,0.0,India,4.5,0,0,-0.03643093848451698,-0.45696406579770155
4235,67.0,1,10179.0,6,Standard,Agent,1.0,India,2.1,1,0,-1.4255036069361224,-2.467761953568536
4236,41.0,5,11900.0,0,Deluxe,Agent,0.0,India,2.9,1,0,-0.04751479018072962,0.6020544890753211
4237,25.0,3,8739.0,6,Suite,Website,1.0,Europe,4.1,1,0,-1.4404797403386969,-0.2804307014458347
4238,48.0,5,10858.0,3,Standard,Website,0.0,Europe,2.6,1,0,0.4922376760326299,1.4856191126455969
4239,8.0,1,13979.0,9,Suite,Agent,1.0,India,2.1,0,0,-0.6085866594042414,-0.07819324293254172
4240,82.0,3,13829.0,4,Deluxe,Agent,0.0,Other,3.4,1,1,0.10129950742807865,0.5102881404923078
4241,4.0,5,,2,Deluxe,App,0.0,USA,3.1,1,0,-0.7238988499492915,-0.030337852975207996
4242,75.0,3,6904.0,5,Deluxe,Agent,1.0,India,3.0,0,1,-1.2174859883128102,-2.057553974006798
4243,6.0,3,13686.0,2,Standard,App,1.0,Other,3.9,1,0,-1.293294224193383,-0.6487500071792636
4244,20.0,3,5665.0,2,Standard,App,1.0,Europe,2.3,1,1,-0.824892597646643,0.45804574154699707
4245,107.0,2,12580.0,4,Deluxe,App,0.0,Other,3.5,0,1,0.3868157846241051,0.18025638787108642
4246,87.0,1,3953.0,3,Deluxe,App,0.0,India,4.2,1,0,-0.923529901079779,-0.2465193380003826
4247,108.0,3,4314.0,1,Deluxe,Website,0.0,Europe,4.8,0,0,0.6385967180973384,-0.30499228299403375
4248,60.0,5,8955.0,1,Suite,App,0.0,USA,2.7,0,0,0.9802021817138559,-1.5865242952404555
4249,4.0,2,10748.0,8,Deluxe,Agent,0.0,India,3.5,1,0,-1.866445711789857,0.0
4250,29.0,2,11166.0,0,Standard,Agent,1.0,India,2.8,0,0,0.12440500498469045,-0.0909744788380867
4251,47.0,2,3134.0,8,Standard,App,1.0,Other,4.3,1,0,0.00872135871670326,0.0
4252,16.0,5,10843.0,2,Suite,App,0.0,Europe,3.4,0,1,-0.8692804837861918,0.14190922805327694
4253,56.0,4,3304.0,5,Standard,Website,1.0,Other,4.8,0,1,1.1041472407944628,-1.48093144309544
4254,116.0,3,6701.0,7,Deluxe,App,1.0,India,3.3,1,1,-0.8883336019422041,-1.0718301728541926
4255,32.0,4,12411.0,9,Deluxe,App,1.0,,2.4,1,0,-1.001551346489317,-0.5676273216456263
4256,17.0,0,0.0,7,Standard,Agent,0.0,USA,0.0,0,0,-0.01329821784541589,-1.213037312911627
4257,79.0,2,3193.0,2,Standard,Website,0.0,USA,2.4,0,0,-1.4095329642931491,1.000655445487465
4258,84.0,1,4987.0,2,Deluxe,App,0.0,USA,4.9,0,1,-0.5674579823906257,0.5632438404227555
4259,98.0,1,5697.0,8,Standard,App,0.0,India,2.8,0,0,0.03306032923085501,0.1160913690825709
4260,89.0,0,0.0,5,Suite,App,1.0,Other,2.5,1,1,-0.7754134084873835,-1.0743007632098895
4261,107.0,1,13406.0,1,Suite,Agent,1.0,USA,4.2,0,1,-0.7796872079346093,-1.7858258918662906
4262,65.0,5,3743.0,3,Standard,Agent,0.0,India,2.8,0,0,-1.6726150341810493,-0.6003632363952678
4263,3.0,4,12581.0,9,Suite,App,0.0,India,3.9,1,0,-0.9292717141834086,0.047004780575210896
4264,117.0,2,11590.0,5,Deluxe,App,1.0,USA,3.2,1,0,-1.94703862605749,1.304336024244494
4265,34.0,4,5065.0,3,Standard,Agent,0.0,Europe,2.2,0,0,0.0,-0.518834475942581
4266,62.0,2,7194.0,3,Suite,Agent,1.0,India,3.7,1,1,-0.399421678898851,-0.14187804967781126
4267,113.0,1,12855.0,1,Deluxe,Website,1.0,USA,3.0,1,0,-1.1654539176343697,1.5903747765793301
4268,107.0,4,12615.0,4,Standard,App,1.0,Europe,3.4,1,0,-1.041610211721098,-0.6276617200011708
4269,37.0,2,3611.0,4,Deluxe,Agent,0.0,Other,4.0,1,0,-0.027836182144830187,0.4663243881149886
0,34.0,3,9731.0,6,Deluxe,Agent,1.0,USA,4.5,1,1,1.6621587706518621,0.057117361600670824
4271,91.0,5,12756.0,7,Standard,App,1.0,USA,3.6,0,1,0.2585407680292215,0.9654147485942094
4272,45.0,5,2276.0,1,Standard,Agent,1.0,India,3.2,1,0,1.0696512683026118,1.1776230109474168
4273,19.0,1,14160.0,6,Suite,App,,India,4.4,1,0,1.8734387256438028,0.42637707707251016
4274,44.0,4,0.0,2,Standard,Agent,1.0,Other,2.3,1,1,-0.451318737429093,-1.5581906371695862
4275,48.0,3,7580.0,6,Standard,Agent,0.0,India,3.0,0,1,1.3356056030109333,0.9153794730552569
4276,101.0,2,6353.0,7,Suite,Agent,0.0,Europe,4.3,1,1,-1.4627059766419024,-0.8082472217768433
4277,94.0,4,2196.0,5,Standard,App,1.0,Other,4.5,1,0,-0.9011878887434269,0.06828605164298762
4278,10.0,1,7718.0,8,Standard,Website,0.0,Europe,3.1,0,0,0.7839586243769083,0.17311178720672898
4279,8.0,3,10380.0,7,Deluxe,App,1.0,Other,2.5,1,0,1.0978464540035757,0.0
4280,70.0,2,12008.0,8,Standard,Agent,1.0,Europe,,1,1,-1.9864670650337548,-0.7724402005836213
4281,9.0,4,9517.0,1,Deluxe,Website,0.0,USA,3.7,1,0,0.0,0.2956212051130854
4282,16.0,1,14329.0,6,Deluxe,Agent,0.0,Europe,4.8,0,1,-2.2552105464409435,-0.6192926068687228
4283,47.0,1,3865.0,7,Deluxe,Website,0.0,India,2.8,1,0,-1.3231195206405322,-0.7073724389212048
4284,114.0,4,4843.0,4,Suite,App,0.0,Europe,3.4,1,1,-0.3802923436704103,-1.2651365465624147
4285,8.0,5,14256.0,9,Deluxe,App,1.0,Europe,2.8,1,1,0.41587839721384223,0.8105427445830296
4286,63.0,5,14244.0,9,Deluxe,Agent,1.0,India,4.0,0,1,0.0,-0.3690371421977195
4287,36.0,4,9965.0,0,Deluxe,Agent,1.0,Europe,3.1,0,0,0.7489124311555524,0.45810140975729624
4288,,1,5910.0,5,Suite,Website,1.0,USA,4.9,1,0,-0.6937535763151867,-0.7072352553656572
4289,34.0,1,6552.0,5,Suite,App,0.0,Europe,2.4,1,0,0.5718924464351075,0.28384245884510895
4290,23.0,5,12723.0,9,Suite,Website,,India,4.1,1,1,-0.6800778398215337,0.0
4291,18.0,1,6477.0,3,Suite,App,1.0,India,,1,1,0.33264189017567136,0.03294068995275896
4292,53.0,3,7356.0,6,Standard,Agent,1.0,Europe,2.1,0,0,0.21241241830661584,-1.0519101781345985
4293,6.0,5,,6,Deluxe,Website,0.0,,2.6,1,0,-2.199924673852003,0.6390398924182233
4294,63.0,2,3797.0,2,Standard,App,1.0,India,3.6,0,0,0.5647229114756326,0.7714364132659063
4295,50.0,2,9841.0,8,Suite,Agent,1.0,India,4.3,0,1,-1.096022173101461,-0.9750138727541324
4296,66.0,4,3130.0,3,Standard,Website,1.0,India,2.1,1,0,0.22435667408290305,0.008843770006116906
4297,95.0,5,0.0,2,Deluxe,Agent,1.0,USA,4.8,1,1,0.5053183795912017,0.9997311627275498
4298,24.0,5,7863.0,6,Suite,Agent,0.0,USA,2.5,0,0,-0.1313028878097021,1.3914136965905948
4299,64.0,3,12399.0,4,Deluxe,Agent,1.0,Europe,3.3,1,1,-2.590853558566587,-0.9879967697944013
4300,67.0,1,8700.0,5,Suite,Website,0.0,Other,4.3,0,0,-0.24359683570991536,-1.6901732759175636
4301,95.0,5,3777.0,3,Deluxe,App,1.0,India,2.3,1,0,-0.8419035907497295,-1.388353670885677
4302,21.0,4,3879.0,6,Suite,Agent,0.0,USA,4.3,0,1,-1.1605666805267576,-0.6750525623007128
4303,43.0,1,9228.0,5,Suite,App,1.0,India,3.5,1,1,0.8401988102243793,-0.9775764127507294
4304,59.0,0,4240.0,7,Deluxe,App,1.0,USA,2.4,1,1,-0.032083692851864465,1.1900562230840699
4305,38.0,4,4040.0,8,Suite,App,0.0,USA,4.4,0,0,0.23677550967502392,-1.3296411834886075
4306,58.0,3,5569.0,1,Standard,Agent,0.0,Other,2.3,0,0,-0.5072029002005729,-1.572891339149496
4307,42.0,2,13404.0,6,Deluxe,Website,1.0,Europe,2.7,0,0,0.034347173021053896,-0.06692273904665816
4308,41.0,2,3869.0,2,Standard,Website,0.0,India,4.5,1,0,-0.7060377442089344,2.1709050141978654
4309,102.0,0,11135.0,8,Standard,Website,0.0,India,2.1,1,0,0.20231022735886925,-0.5216730943892798
4310,11.0,3,4952.0,5,Standard,Agent,0.0,India,4.4,0,1,0.2829328177019123,-1.043256802585017
4311,98.0,2,2805.0,4,Deluxe,App,1.0,Other,2.7,0,1,-0.6114051570153777,-1.5789030793702625
4312,15.0,0,4856.0,5,Suite,App,1.0,,2.7,1,0,-0.9994707591953518,-0.5022881459009825
4313,78.0,4,2303.0,8,Suite,Website,1.0,Other,2.1,1,0,0.4766733058459991,-1.8175021247945502
4314,43.0,1,6519.0,9,Standard,Agent,1.0,Other,4.3,1,1,0.2807160096015541,-0.8908855366687185
4315,46.0,0,7084.0,5,Suite,App,1.0,USA,4.5,0,0,2.113884602519649,0.6743911813098332
4316,113.0,3,12618.0,8,Deluxe,Agent,0.0,USA,4.7,1,1,-0.42195567513853366,-0.4114343352494423
4317,101.0,1,8568.0,9,Suite,Website,1.0,USA,2.8,1,0,-0.3182612182485157,0.14774724074504572
4318,96.0,2,3798.0,1,Suite,Website,1.0,Other,2.8,1,1,-0.8609551867769601,-0.5291611645825238
4319,9.0,2,4831.0,3,Suite,Agent,0.0,India,3.0,0,0,-0.06252517811888983,0.8442393998202695
4320,1.0,1,8986.0,8,Standard,App,0.0,Other,0.0,0,1,-0.5794886332856444,0.0
4321,49.0,4,,4,Standard,Website,1.0,Europe,4.4,1,0,-1.6369568493489852,0.3110437689486622
4322,119.0,4,11626.0,9,Suite,Agent,0.0,Europe,4.6,0,1,0.9043597929947887,-1.748567475662244
4323,77.0,5,4727.0,3,Standard,Website,0.0,USA,2.2,0,0,0.003079461418606812,0.5323079858162592
4324,86.0,2,14660.0,3,Standard,Agent,1.0,India,2.1,0,0,1.7518262886172893,1.4247744981070678
4325,106.0,3,5663.0,7,Deluxe,Website,0.0,Europe,4.6,0,1,-0.41254801012080633,-0.1820869098452929
4326,109.0,5,0.0,1,Deluxe,Agent,0.0,Other,4.9,1,0,-0.5518894147307385,0.0
4327,32.0,4,10605.0,1,Standard,App,0.0,USA,0.0,0,0,-1.0323169281192888,-0.17050540532947583
4328,97.0,4,11917.0,9,Standard,Website,1.0,India,4.7,1,0,-0.41973969627751256,-0.9235359312248739
4329,,1,7518.0,9,Suite,App,1.0,India,4.4,0,0,0.44254289842159655,0.3983292659083685
4330,0.0,1,11210.0,7,Suite,Website,0.0,Other,3.5,1,1,0.4972784367489711,-0.005749369461657809
4331,,3,2061.0,7,Standard,Website,0.0,Europe,4.5,0,0,0.677932667093108,0.0
4332,67.0,5,7275.0,0,Suite,Agent,0.0,Europe,4.2,0,1,1.8010365251647977,0.7462724650338997
4333,95.0,4,2482.0,4,Standard,Website,1.0,India,0.0,0,0,-0.6058283542097754,1.1745550157828715
4334,26.0,2,10030.0,9,Standard,App,1.0,Other,3.9,1,0,0.3946838851699482,2.016875067424508
4335,82.0,3,,2,Standard,App,0.0,USA,3.7,0,1,0.47886752896389273,0.16932188156324815
4336,,2,11172.0,5,Standard,Website,0.0,India,2.2,1,0,0.673515264918189,1.163089634954291
4337,43.0,3,4870.0,7,Deluxe,Agent,1.0,Europe,3.8,0,1,2.512568587496151,-1.7215423784318318
4338,68.0,3,2556.0,8,Standard,Agent,1.0,India,3.1,1,1,0.03253997854100103,0.2391224336387456
4339,,4,3197.0,4,Standard,Website,1.0,Other,4.4,0,0,-1.292503031922342,-1.4197441737825944
4340,47.0,3,13869.0,3,Standard,Agent,0.0,Europe,3.0,1,0,-0.14932260303981748,0.09028336956030061
4341,26.0,1,5798.0,6,Suite,Agent,1.0,Europe,3.5,0,0,-0.2555062410611254,1.028787026240513
4342,22.0,1,9558.0,5,Standard,Agent,0.0,India,2.8,0,1,2.278536896921332,1.8387936828009586
4343,79.0,4,11509.0,9,Deluxe,Agent,0.0,USA,2.5,0,0,0.0,1.0500863744299571
4344,115.0,3,14411.0,7,Standard,Website,0.0,USA,4.0,0,0,0.7712952005768258,0.5389382603035068
4345,115.0,5,7578.0,0,Suite,Agent,0.0,Other,4.6,0,0,0.12980048235250707,-0.03277845919027743
0,119.0,3,5819.0,2,Standard,App,0.0,Europe,2.3,1,1,-0.410219412240701,-1.2518471019357331
4347,37.0,5,4519.0,2,Standard,App,1.0,Other,2.3,0,0,-2.1890746114838495,0.9355659918664001
4348,41.0,5,,2,Deluxe,App,1.0,India,3.0,1,1,-0.6767121341189628,0.1289634255578924
4349,34.0,2,7460.0,8,Deluxe,Agent,1.0,Europe,4.8,1,0,-0.5150799605161076,-1.9685621823825765
4350,104.0,2,8613.0,0,Deluxe,Website,1.0,Other,3.2,0,0,0.15078182377186067,0.2754618404299996
4351,,1,11120.0,0,Deluxe,Website,1.0,India,3.0,0,1,-1.505466738223613,0.6281837773309515
4352,95.0,1,12195.0,4,Deluxe,App,1.0,Europe,2.4,0,0,-0.32160013439056273,-1.3606348738304133
0,35.0,1,7392.0,7,Deluxe,App,1.0,Europe,5.0,0,0,-0.5872247539175287,-0.7464783028282724
4354,27.0,1,,7,Standard,App,1.0,India,3.8,1,0,0.5746647404515727,1.2301581104369201
4355,7.0,3,10936.0,1,Deluxe,Agent,1.0,USA,3.7,0,0,-1.394355845623458,-1.9959543267730404
4356,39.0,5,7846.0,6,Standard,Website,1.0,Europe,3.0,1,1,-2.195674592281307,-0.4320913481078132
4357,97.0,5,3769.0,6,Standard,Agent,0.0,Europe,3.4,0,0,0.4859200935149968,-0.48234146691551744
4358,11.0,1,3171.0,3,Suite,Agent,0.0,India,3.8,0,0,0.07792113368849121,-1.5105168047936126
4359,64.0,3,7726.0,4,Deluxe,Website,0.0,Other,2.7,1,0,1.238344485731844,0.0008695231054037195
4360,62.0,2,7531.0,6,Deluxe,Website,0.0,USA,4.8,1,1,0.7432717228952191,1.845482343579018
4361,51.0,5,8916.0,3,Suite,App,1.0,Other,3.7,1,1,0.5918920052485744,-0.5683865629046574
4362,28.0,5,8459.0,2,Deluxe,Agent,0.0,Other,4.4,0,1,0.4186341470638715,0.8863290178007404
4363,29.0,2,9013.0,3,Suite,Agent,1.0,Other,3.3,1,0,0.5192986538775348,-1.2529431501652633
4364,110.0,5,2012.0,7,Deluxe,Website,0.0,Other,3.0,1,0,-0.08007960117798706,-0.909574493963152
4365,80.0,4,14959.0,3,Deluxe,Agent,0.0,USA,,1,1,-1.9931703937442105,0.37532379915412517
4366,64.0,3,5967.0,2,Standard,Agent,1.0,USA,3.0,0,0,-0.8832053412848476,-2.1394701166959895
4367,59.0,5,5554.0,7,Standard,Website,1.0,Other,3.9,1,0,0.6225453269159085,0.6153762328463328
4368,113.0,1,2359.0,5,Suite,App,0.0,Europe,,0,1,-0.20037251757920255,-1.0785456624965781
4369,117.0,2,5232.0,3,Deluxe,Agent,0.0,Europe,3.6,0,0,-1.878365219488626,1.1425390755169482
4370,0.0,5,7278.0,8,Deluxe,Website,1.0,USA,2.8,1,1,0.0175157918955932,1.1595250314063916
4371,,2,5147.0,8,Suite,Agent,1.0,Other,,0,0,-0.6012886286586254,-1.0974463017431673
4372,107.0,2,,3,Standard,Agent,,USA,2.7,0,1,1.2566756235886845,-0.15749643365121077
4373,61.0,0,10652.0,7,Standard,Agent,0.0,India,4.6,0,1,-0.41930697668085426,2.3363670211095995
4374,103.0,5,5537.0,6,Standard,Website,1.0,Other,3.1,0,1,-0.11190108469569482,-1.0132073853869537
4375,16.0,4,13109.0,5,Standard,Website,0.0,USA,3.1,0,0,-0.15551430255285947,1.5731201517029145
4376,56.0,4,7835.0,6,Standard,App,1.0,Europe,4.8,0,1,-1.2586811352887821,-2.0624775761082916
4377,8.0,5,8651.0,2,Suite,Website,1.0,India,3.7,0,0,-0.23245256058110428,-0.41259135131140906
4378,0.0,4,14608.0,5,Deluxe,App,0.0,Europe,3.1,1,1,1.874143480555192,0.6755249534719858
4379,107.0,5,5889.0,5,Standard,Website,1.0,Other,2.1,0,0,-0.6431598769858363,0.346876759734
4380,0.0,5,5991.0,0,Deluxe,Website,1.0,Other,4.5,0,1,-0.23625376209251295,1.0337904441512902
4381,83.0,2,9817.0,1,Standard,App,0.0,India,4.9,0,0,0.048724115388434935,0.0
4382,107.0,1,14211.0,4,Suite,Agent,1.0,USA,4.4,0,0,0.13918297871104146,-1.528580275763219
4383,36.0,3,11184.0,6,Standard,Agent,0.0,India,4.6,0,0,-0.8045311334109924,0.07497889888674047
0,32.0,1,13724.0,9,Deluxe,Agent,0.0,Europe,4.8,1,0,-0.5215324768147731,-1.6995204396505394
4385,43.0,1,7514.0,2,Deluxe,App,1.0,USA,2.6,0,0,0.3833707107267088,0.36332801916161866
4386,104.0,5,8619.0,8,Suite,App,1.0,Europe,4.4,1,0,0.13693325622398314,-0.32223400346347697
4387,63.0,5,4377.0,5,Suite,App,0.0,USA,3.4,1,1,-0.10549042095890172,1.7036088205688518
4388,84.0,4,11249.0,5,Deluxe,Website,1.0,USA,2.0,1,1,-0.04407745525645905,0.0
4389,8.0,3,2688.0,3,Suite,Agent,1.0,Europe,4.7,0,0,-0.17667076361164508,1.317184392370795
4390,53.0,2,3422.0,3,Suite,Agent,1.0,India,3.2,1,0,0.7891280590934018,-0.18843809264707223
4391,16.0,2,7576.0,9,Suite,Agent,1.0,USA,4.0,0,0,-1.4162266766648568,0.0
4392,43.0,1,6592.0,6,Deluxe,App,0.0,USA,4.4,0,0,-1.0998910653346483,-0.6323424841418968
4393,83.0,4,2163.0,6,Standard,Website,0.0,India,2.4,0,0,0.6317690650774713,-1.5989742771989934
4394,117.0,4,12816.0,2,Suite,Agent,1.0,,2.6,0,0,0.17167345708190043,-0.3334022452876466
4395,35.0,3,9940.0,2,Standard,Website,1.0,India,4.6,0,0,0.16166614507351384,1.4947667767924147
4396,1.0,4,4937.0,8,Standard,App,0.0,India,3.0,1,1,-0.8849556090377014,0.45598224738890014
4397,84.0,3,2313.0,2,Standard,App,0.0,India,4.1,0,0,-1.3744141360530526,0.028780733151816115
4398,81.0,3,4269.0,5,Standard,App,1.0,USA,4.9,0,1,1.0952003818886829,-1.5076120989516886
4399,0.0,5,9111.0,5,Suite,App,0.0,India,4.1,0,1,1.0054214870433,0.02054037506823727
4400,3.0,5,4127.0,6,Suite,Agent,1.0,Europe,4.0,0,1,1.1311561853253045,0.24873934358557945
4401,69.0,5,11511.0,2,Standard,Agent,0.0,Other,2.2,1,1,-0.36064211248476963,-0.2849307244193335
4402,110.0,1,6138.0,6,Suite,App,0.0,Europe,2.5,1,1,1.5496718962051252,-1.7369078112040475
4403,71.0,3,12476.0,6,Standard,App,0.0,Other,3.2,1,0,1.1064802083280856,-0.9561058914109035
4404,82.0,3,2288.0,6,Deluxe,Website,1.0,India,3.8,0,1,0.6903059098520471,-0.5630946403096803
4405,73.0,2,5563.0,1,Suite,App,0.0,USA,0.0,0,0,-2.274246640199755,-0.07304149950682956
4406,104.0,3,7595.0,3,Standard,Agent,,India,2.8,0,1,0.20060119761296458,-0.05831061553536728
4407,58.0,5,2431.0,3,Deluxe,Website,0.0,India,3.3,0,0,0.0,0.7389396495582373
4408,117.0,1,10754.0,7,Suite,App,0.0,USA,4.9,0,1,-0.9196582730980248,-0.5060272992864706
4409,0.0,2,4464.0,1,Standard,App,1.0,USA,2.5,1,0,0.2950988419516101,-0.33868973659011115
4410,114.0,2,3150.0,1,Standard,App,1.0,Europe,2.5,1,0,-0.209269395289404,0.07038831698219694
4411,7.0,5,13782.0,8,Standard,Website,,Europe,4.7,1,0,-0.6280971295455485,0.009778885881563623
4412,82.0,5,8940.0,9,Standard,Agent,1.0,Other,3.8,1,1,-0.09256781020800833,-1.232873264741488
4413,30.0,3,11380.0,2,Standard,Website,1.0,India,4.4,0,0,0.8626082835430752,-1.198730271471348
4414,77.0,5,9533.0,7,Deluxe,Agent,0.0,India,4.8,0,1,0.021750457919284195,-1.1508905538837395
4415,28.0,2,3911.0,3,Deluxe,App,0.0,USA,4.6,1,0,0.5378409385014398,-0.8843781933856355
4416,18.0,3,8206.0,2,Suite,Agent,1.0,Other,2.6,0,0,-0.9014234667632983,-1.2965569463707465
4417,64.0,1,9847.0,1,Suite,Agent,1.0,Other,3.9,0,0,1.7281412510958813,-0.7920896284856199
4418,75.0,4,9822.0,2,Standard,App,1.0,India,4.4,0,1,-0.5552809246548674,-0.05250082121685274
4419,75.0,4,11718.0,2,Suite,Agent,0.0,USA,2.0,1,1,-0.4912626858394584,0.32065581918649094
4420,,4,14072.0,0,Standard,Agent,0.0,India,3.7,1,0,-0.8666889513052176,1.0951176340362585
4421,74.0,2,14867.0,7,Standard,Agent,0.0,Europe,4.7,0,0,-1.5029886630888227,-0.00553007162018219
0,44.0,2,10294.0,1,Standard,App,1.0,USA,2.1,0,0,1.5007516238403638,1.7620393917723205
4423,114.0,4,7336.0,6,Standard,App,0.0,India,3.1,0,0,0.4312122393440899,0.5448062711415232
4424,1.0,5,0.0,8,Suite,Agent,0.0,Europe,3.6,0,1,-1.1442426451300163,0.6065852909536676
4425,82.0,3,13106.0,6,Standard,Agent,0.0,India,4.4,1,0,0.6182827608445673,0.4165518625428697
4426,7.0,1,2510.0,2,Deluxe,App,1.0,Europe,4.1,1,0,1.2642672966466504,0.5668180327598068
4427,119.0,2,13822.0,2,Standard,Website,0.0,USA,4.7,0,0,-1.936180092822136,1.143147119257068
4428,59.0,2,8727.0,7,Suite,App,1.0,Europe,2.4,1,0,-1.2725277009582527,0.47672214634823856
4429,73.0,3,5967.0,2,Suite,Agent,1.0,India,3.1,1,1,0.0,2.231605625043244
4430,40.0,1,13747.0,1,Standard,Website,1.0,Europe,4.7,1,1,-0.12377415159653536,0.05984625995895379
4431,2.0,1,3599.0,2,Standard,App,0.0,Europe,3.1,0,0,0.08118762103429669,-1.120495354407545
0,53.0,2,7525.0,7,Standard,App,0.0,,3.6,1,0,0.6604325201912378,1.029882556019766
4433,43.0,4,6341.0,2,Standard,Agent,1.0,Other,3.6,1,0,-2.0650420948103028,2.799529150270838
4434,54.0,3,11247.0,4,Suite,Agent,0.0,India,3.7,0,0,1.0252618198174877,0.24092121759133414
4435,101.0,1,5908.0,3,Deluxe,App,0.0,Other,3.7,1,0,-1.7077026846560082,-0.04576280694294702
4436,12.0,4,5151.0,8,Suite,App,1.0,India,5.0,0,0,-0.2208786991632211,-0.48996696561464775
4437,45.0,5,8773.0,2,Deluxe,Agent,0.0,USA,3.2,0,0,-0.06643436706304524,0.49153978747394794
4438,30.0,4,7168.0,3,Suite,Website,1.0,India,2.7,1,1,1.1409463634805497,0.631419417920793
4439,14.0,4,6923.0,8,Suite,App,1.0,Other,2.6,0,0,-0.6337747522150916,-0.02843625648984354
4440,102.0,5,8012.0,4,Suite,Website,0.0,Other,4.6,0,1,0.9502756057538007,0.0
4441,65.0,4,3875.0,6,Standard,Website,0.0,India,3.6,1,0,-0.9167187945913721,-0.7620989506469122
4442,8.0,1,9799.0,9,Deluxe,App,1.0,Other,2.5,1,0,0.19346088538638362,2.025563850338025
0,104.0,3,4540.0,1,Deluxe,App,0.0,Europe,2.8,1,0,0.5159928050534802,1.8300591475562231
4444,25.0,1,12515.0,3,Deluxe,Agent,0.0,Europe,3.7,1,1,0.4379732636397801,0.631469394085162
4445,37.0,4,14384.0,5,Suite,App,1.0,USA,4.9,1,1,1.23028572528365,1.1350522563573662
4446,49.0,3,10491.0,7,Suite,App,1.0,Europe,4.4,1,1,-2.164687681220445,-0.06067034986848901
4447,60.0,5,11876.0,7,Standard,Agent,1.0,USA,4.6,1,1,-1.2611654827771017,-0.35800725632598407
4448,24.0,5,14392.0,5,Standard,Website,1.0,India,,1,1,-0.8850758459629454,0.0
4449,4.0,1,10057.0,7,Suite,Website,0.0,Other,3.7,1,1,-0.17991269060232162,0.28109663769961685
4450,56.0,3,0.0,1,Deluxe,Website,1.0,Other,3.4,0,1,0.44783972474088807,1.1779291552738596
4451,55.0,5,,3,Deluxe,App,0.0,India,2.9,0,1,0.00789071709954526,1.3191116955325575
4452,117.0,5,9344.0,8,Deluxe,Agent,1.0,USA,2.8,1,0,-0.5918793855469379,0.8306454584095473
4453,113.0,1,8612.0,3,Standard,Website,0.0,India,3.3,0,0,2.5404543754298734,0.34162830256535276
4454,55.0,1,11528.0,9,Deluxe,Website,0.0,India,2.6,1,1,0.01152184727688613,-0.983236876188093
4455,55.0,3,11549.0,2,Standard,Agent,0.0,Europe,3.3,1,1,-0.9886054327482126,0.3234858986630789
4456,72.0,4,12566.0,4,Deluxe,App,1.0,USA,2.5,0,1,-0.8471851818287491,-1.6751144990831441
4457,104.0,5,7848.0,1,Standard,Agent,1.0,USA,4.1,0,0,-0.5633397518929805,0.950331499089313
4458,85.0,5,10554.0,2,Deluxe,App,0.0,Europe,3.2,0,1,0.7354797544010249,0.026878917573530406
4459,71.0,2,2102.0,7,Deluxe,App,,India,3.2,1,0,0.6272847101539232,-0.3338871514657273
4460,0.0,2,3866.0,8,Deluxe,App,0.0,USA,2.6,1,1,2.1836820304893974,-0.6745417139580389
4461,18.0,1,5624.0,7,Deluxe,Website,1.0,Europe,4.1,1,0,-2.678860052300466,-0.509041468997998
4462,45.0,5,9496.0,3,Standard,Website,1.0,India,4.1,0,1,-1.0757892876988333,0.7682573240221015
4463,72.0,1,2730.0,5,Standard,Agent,1.0,India,0.0,1,0,1.8016465030369926,-0.15684259345279436
4464,116.0,1,14551.0,7,Suite,App,1.0,Other,2.9,0,1,0.6674267150011443,-1.200368905074056
4465,102.0,5,6153.0,2,Standard,Agent,0.0,USA,4.7,1,1,-0.18067854222633645,-0.9027100386518574
4466,17.0,4,7836.0,8,Suite,App,1.0,Other,4.1,1,1,2.0429524120070086,0.8202986926234448
4467,76.0,2,10610.0,3,Standard,Website,0.0,India,3.1,1,0,-0.5133022263797434,-0.12848069219649577
4468,1.0,1,9907.0,1,Suite,Website,1.0,USA,4.1,0,0,0.05667500395992889,-1.1231162611106065
4469,0.0,4,3379.0,9,Suite,Website,,Europe,4.9,0,0,-0.7386469929270155,1.6623115087324776
4470,27.0,1,13435.0,0,Suite,Agent,1.0,USA,2.9,0,1,0.7268931266629602,-1.507397540391144
4471,2.0,4,11560.0,6,Suite,App,0.0,Other,3.0,0,0,2.518885482827924,1.076534724408759
4472,61.0,5,3767.0,2,Standard,Website,0.0,USA,3.5,1,0,0.6498168567021805,-0.6477466112453325
4473,24.0,4,13566.0,3,Suite,Agent,1.0,Europe,4.2,1,1,1.947609812200262,0.1484430737984846
4474,94.0,5,7311.0,1,Suite,App,0.0,India,2.4,1,1,-0.83129062804447,0.0
4475,80.0,1,5416.0,1,Standard,Agent,1.0,USA,2.5,0,0,-1.5419563230493094,0.2543147253897363
4476,13.0,5,11913.0,3,Standard,Website,0.0,USA,3.5,1,0,1.4031661084110947,0.6481350599856283
4477,110.0,4,8987.0,3,Standard,App,1.0,,3.1,1,0,-0.08856186199185682,0.43091731336957717
4478,13.0,1,10368.0,1,Suite,App,0.0,USA,4.7,0,0,-0.48559639324962794,0.9628754814337701
4479,18.0,5,8567.0,9,Suite,Agent,1.0,India,4.9,0,0,-0.15600582991881162,-0.4412798675429966
4480,6.0,5,14472.0,5,Suite,Website,0.0,USA,3.4,0,0,1.7243114490474378,-2.0745577510676436
4481,44.0,4,9678.0,0,Deluxe,Website,0.0,Other,4.2,1,1,-2.2296377747209917,0.7155909138473978
4482,40.0,3,11072.0,6,Standard,Website,1.0,Other,2.9,1,0,0.07920515414246415,-0.7488519007339216
4483,18.0,4,10485.0,5,Deluxe,App,1.0,India,3.6,1,1,0.44067967997095236,0.041781721975687844
0,94.0,4,4392.0,6,Standard,Website,1.0,USA,4.8,1,1,1.6350403025314748,-0.6699594865551719
4485,34.0,0,8111.0,3,Suite,Agent,1.0,USA,3.9,1,1,-0.8241656413001803,0.511240530824903
4486,24.0,5,9697.0,9,Deluxe,App,0.0,India,4.7,0,1,-0.2054857448492676,-0.46639981926213775
4487,76.0,4,3377.0,9,Standard,Website,1.0,USA,3.5,0,1,0.2577624954327559,-0.837509926923738
4488,106.0,5,3499.0,1,Standard,Agent,1.0,Europe,3.1,0,0,-0.05321710785077577,-1.6419363040457249
4489,100.0,1,10086.0,9,Deluxe,Website,0.0,USA,4.6,0,1,0.13625650279432103,0.7259441820954192
4490,89.0,4,14617.0,6,Standard,Agent,0.0,India,2.2,1,0,0.4559170726482721,-0.6486741335901769
4491,39.0,3,14867.0,1,Suite,Agent,1.0,Other,4.2,1,1,0.2419980593193367,1.3214965478430643
4492,112.0,2,4836.0,3,Deluxe,Website,0.0,Europe,2.2,0,0,0.2533556608842913,0.1752554161967925
4493,94.0,2,10062.0,6,Suite,App,1.0,India,4.9,0,1,1.1257494855158532,-0.6472734953751659
4494,108.0,3,7249.0,3,Suite,Website,0.0,USA,0.0,0,1,-0.12991209533418896,-0.04726006936178005
4495,113.0,3,11133.0,4,Suite,Agent,1.0,India,2.5,1,0,-2.5663693258722295,0.4689183758535531
4496,119.0,2,3408.0,3,Standard,Agent,1.0,Other,4.8,0,0,-0.10697864384249617,-1.5734299551896531
4497,102.0,3,3768.0,5,Deluxe,Website,0.0,India,4.7,1,1,-0.24916494207150597,-0.8882484955330918
4498,39.0,2,11352.0,2,Deluxe,Website,1.0,USA,3.5,1,1,0.7169258357093671,-0.5003220255425961
4499,,3,14815.0,7,Standard,Agent,0.0,India,4.6,1,1,-1.7544585822733478,1.0986262892253067
4500,75.0,4,13095.0,2,Standard,Website,1.0,USA,4.0,0,0,0.6226130319687634,-1.2435515137805533
4501,90.0,4,5385.0,4,Suite,Agent,1.0,Europe,0.0,0,0,0.7403769525802352,-1.7699958405506906
4502,68.0,5,14003.0,8,Suite,Website,0.0,USA,,0,1,0.3831304065439038,-1.2963732995832935
4503,84.0,1,8938.0,5,Standard,Website,1.0,India,4.4,1,0,2.2154819134847172,0.6182672506717337
4504,34.0,4,6165.0,2,Standard,Website,1.0,USA,4.9,0,1,0.2275566472601481,-0.2038465450277009
4505,47.0,3,9406.0,1,Standard,App,1.0,Other,4.4,1,1,0.19512049804586906,-2.1269578548236234
4506,58.0,0,9956.0,4,Suite,Agent,1.0,Other,2.5,0,1,-1.0719089699720097,1.0379303901133974
4507,29.0,5,3817.0,2,Suite,Website,0.0,USA,3.2,0,0,1.387373578389965,1.1163540999684956
4508,106.0,4,3441.0,6,Deluxe,Agent,1.0,Other,3.3,0,1,0.07753083060889614,0.09185962908766035
4509,72.0,2,12527.0,9,Deluxe,App,0.0,India,4.0,1,1,-1.0529771793229135,-0.34713252266265443
4510,59.0,3,14196.0,3,Standard,Website,,Other,3.2,0,0,-1.268530728166345,0.0
4511,12.0,2,9486.0,6,Standard,Agent,0.0,USA,3.2,1,0,0.013684375384941282,1.5733223533237333
4512,59.0,5,4248.0,9,Deluxe,Website,0.0,Europe,3.6,1,0,0.8809446795301511,-1.2998450367328742
4513,101.0,1,8492.0,5,Suite,Website,0.0,India,4.2,1,0,-0.6615669935325975,0.6292788800935518
4514,86.0,5,2664.0,7,Suite,App,1.0,Other,2.2,1,0,0.4728569013338521,-0.1777784132636063
4515,26.0,4,2501.0,4,Standard,App,1.0,India,3.9,0,1,-0.49079937214627883,0.47919050479562303
4516,8.0,1,9587.0,9,Suite,Website,,India,4.0,1,0,1.8526679585244863,0.14630552400969155
4517,53.0,5,13313.0,3,Deluxe,App,0.0,USA,4.6,0,1,1.6327813628197476,-0.1915436622051143
4518,105.0,0,14815.0,8,Standard,Agent,0.0,India,4.6,0,1,-0.14647684231489455,0.5918843037730704
0,119.0,5,9195.0,1,Standard,Website,1.0,USA,2.8,0,0,-0.4387535489243294,1.5587244857359268
4520,60.0,1,11619.0,4,Suite,App,0.0,India,3.5,1,0,-0.0180529678719449,0.0
4521,76.0,2,4321.0,2,Deluxe,Agent,0.0,India,4.7,1,0,1.823123202326349,0.35713596677047504
4522,81.0,2,11921.0,7,Deluxe,Website,1.0,USA,4.7,1,1,0.8482314100945374,-0.16725212161547123
4523,99.0,5,11372.0,9,Deluxe,App,1.0,India,4.9,1,0,-0.8055802046510467,2.213859252080716
4524,25.0,1,9138.0,8,Suite,App,0.0,,,0,0,1.033005627028002,-1.119759695695514
4525,112.0,0,14932.0,3,Suite,Website,1.0,Other,2.5,0,0,-1.3562708264319956,-0.4798358223467259
0,,2,10666.0,4,Suite,Agent,0.0,USA,0.0,1,1,0.24081561867398543,-0.04181202924029223
4527,114.0,3,11956.0,9,Suite,Website,0.0,Europe,3.3,0,0,0.8995004767338837,0.2133675071536309
4528,77.0,2,0.0,1,Suite,Agent,1.0,,4.5,0,0,0.47752259067442043,1.3595413571511978
4529,12.0,1,3142.0,2,Suite,App,1.0,Europe,4.9,0,1,-0.27773316354959043,0.6277863973201819
4530,87.0,5,12443.0,4,Standard,Website,0.0,,3.7,0,1,0.26814355451709926,-1.3262978629070592
4531,40.0,3,5807.0,1,Suite,Website,0.0,India,2.5,1,1,-0.46505621438966355,0.9851458338380319
4532,58.0,5,10881.0,9,Suite,Website,0.0,India,3.0,1,1,2.4028335534454612,1.535445105289728
4533,108.0,2,10999.0,0,Deluxe,App,0.0,Other,0.0,1,0,-0.7818212604766129,-0.10402168678547132
4534,37.0,3,12923.0,2,Deluxe,Website,1.0,India,3.1,0,0,0.15485804133906983,-1.51887865629973
4535,92.0,2,6731.0,5,Suite,Agent,0.0,Other,3.2,1,1,0.8192929164972664,1.888937857507351
4536,2.0,4,4845.0,5,Deluxe,App,0.0,Other,3.6,1,1,-0.1444715284186177,1.4763550994154453
4537,33.0,4,4895.0,8,Standard,Agent,1.0,India,2.3,0,0,-0.09656549504488143,1.019866598928874
4538,111.0,4,2803.0,6,Standard,App,0.0,Other,3.6,0,0,0.46517518341110087,-0.5025784882283931
4539,116.0,2,7926.0,4,Suite,Website,0.0,Other,4.8,0,1,0.7270264528147471,1.0475751426568691
4540,117.0,4,5405.0,4,Suite,Website,0.0,USA,3.5,1,1,0.43552099390537274,-0.819385021896846
4541,116.0,5,14186.0,8,Deluxe,Website,0.0,India,4.7,1,1,-0.9753892864835897,0.2646763714286424
4542,98.0,5,5615.0,5,Standard,Website,1.0,India,4.6,0,0,0.0,0.2188480116702423
4543,79.0,2,8945.0,3,Deluxe,Agent,1.0,USA,4.9,1,1,0.6763379342076046,-1.3132032909574118
4544,56.0,2,11162.0,6,Suite,App,1.0,USA,3.6,1,0,-0.08853149363024228,0.016041622181179643
4545,81.0,3,8064.0,2,Deluxe,Agent,,Other,3.8,1,0,0.0,0.4216765583635384
4546,23.0,5,6443.0,8,Standard,App,1.0,Other,3.8,0,0,1.496456320682799,2.10437319526744
4547,77.0,1,10229.0,7,Deluxe,Website,1.0,Other,3.9,0,0,0.27308201169760626,1.5003308456576372
4548,42.0,4,6646.0,9,Standard,App,0.0,Europe,,1,0,-0.9883291919622952,-2.9223844983998903
4549,42.0,2,0.0,7,Suite,App,1.0,India,4.9,1,1,0.9091512995466864,-0.6455073025357376
4550,50.0,1,11494.0,9,Standard,App,0.0,USA,3.2,0,0,0.07571042879949015,1.86713084063438
4551,29.0,5,9872.0,9,Suite,App,1.0,Europe,2.3,0,1,-0.42601959267221573,0.6679255184728752
4552,40.0,2,6906.0,8,Suite,App,0.0,Other,3.0,0,0,0.0,0.5718760234736083
4553,89.0,5,8377.0,2,Suite,Website,1.0,,4.4,1,1,0.6757036102836507,0.20723901875177678
4554,28.0,4,13245.0,4,Standard,Website,0.0,Other,4.6,1,1,-0.26055562741190114,1.37304519963065
4555,16.0,3,11069.0,8,Suite,App,1.0,USA,3.1,0,0,-2.411219114841817,0.7830023049855094
4556,,2,6776.0,5,Deluxe,Website,0.0,Other,2.5,0,0,0.09637641056762666,-2.5628824420062593
4557,27.0,1,5479.0,2,Standard,Agent,0.0,Other,2.4,1,0,-0.5300319328932661,-0.09988253322748646
4558,12.0,1,6864.0,1,Standard,Website,0.0,USA,3.7,0,0,-1.6880464817901146,-0.2891182788451173
4559,12.0,1,12717.0,3,Suite,App,1.0,Other,4.7,0,0,-0.7441824319205046,-1.6424632581001692
4560,30.0,1,11679.0,1,Deluxe,Website,0.0,Europe,,1,0,1.0389096680153127,-1.5069290026135131
4561,103.0,2,5660.0,7,Deluxe,App,0.0,Europe,4.5,1,0,0.23513937904022084,-0.7573735926639399
4562,24.0,4,,5,Deluxe,Website,0.0,India,2.2,0,0,0.9687387395722235,-2.0286011826103856
4563,46.0,5,9269.0,8,Suite,App,1.0,Europe,4.2,1,1,0.46733888168656,-1.7400602170702413
4564,52.0,0,2526.0,5,Standard,App,1.0,India,4.4,1,0,0.0,-0.1987678361547304
4565,25.0,2,11473.0,1,Suite,Agent,1.0,India,2.6,0,0,1.7454321709563383,1.0169175757515054
4566,51.0,2,3360.0,8,Deluxe,Agent,1.0,Other,2.7,0,0,0.5657205368659659,1.1770060100123214
4567,35.0,4,6159.0,6,Deluxe,Agent,0.0,Europe,3.9,1,1,0.48796219045080425,-0.7379729221213387
4568,86.0,4,7332.0,2,Suite,Agent,0.0,Other,2.2,1,0,1.6845385480909907,-0.8845541472291132
4569,62.0,1,10530.0,8,Deluxe,Website,,Europe,4.5,0,0,-1.1431111278681272,-0.9533984169163637
4570,46.0,4,8223.0,1,Suite,App,1.0,Other,4.4,0,1,-0.9805766552389439,-0.028496685902035735
4571,87.0,1,2607.0,6,Deluxe,Website,1.0,Other,2.8,0,0,-0.5549008589688011,0.9598685146221493
4572,43.0,1,5266.0,8,Deluxe,App,1.0,Other,3.7,1,0,-0.1574140333631876,-0.11337317216175347
4573,86.0,2,14215.0,2,Suite,App,1.0,Europe,2.8,1,0,-0.11275659711751825,-1.52030402393514
4574,20.0,4,13747.0,8,Suite,App,1.0,India,3.9,1,0,0.6125404291570549,2.520285309853499
4575,83.0,2,12175.0,3,Standard,App,1.0,USA,2.8,0,0,0.0,0.0
4576,102.0,2,8826.0,2,Deluxe,App,1.0,Europe,4.8,0,0,-1.9748786295494902,0.2239527256735855
4577,69.0,1,4783.0,5,Suite,App,1.0,Other,4.9,0,0,-1.6317798267781072,-0.512918785054678
4578,23.0,1,7848.0,5,Suite,App,1.0,Other,4.4,1,1,0.7074940946294642,-0.8029817460555488
4579,32.0,3,10206.0,5,Suite,Website,0.0,USA,3.0,1,0,0.8927028818252642,-1.5488497370162777
4580,0.0,4,,6,Suite,App,1.0,Other,4.5,1,0,-0.5786693643461813,1.4076853196461099
4581,88.0,1,13412.0,2,Suite,Agent,1.0,USA,,0,0,-2.052976884148912,-0.7134663110593912
0,66.0,4,0.0,1,Standard,Website,1.0,Europe,4.7,1,0,-0.1761276049651389,-0.8256633623382503
4583,24.0,2,2404.0,8,Suite,Agent,1.0,India,3.9,0,0,0.2435088935673187,0.9782823052074798
4584,68.0,5,3479.0,6,Suite,Agent,,USA,4.7,0,0,-1.006701136606708,1.2940397737606373
4585,3.0,5,13414.0,9,Deluxe,Agent,,Europe,0.0,0,1,0.9813318692416213,-0.35453642060990675
4586,16.0,3,9767.0,5,Suite,Agent,1.0,USA,3.8,1,0,-0.45429663426565975,-0.3655404304753004
0,78.0,5,12356.0,5,Standard,Agent,0.0,Europe,4.2,1,1,0.1919810605026511,-0.8969458870444507
4588,31.0,1,14926.0,3,Deluxe,App,1.0,India,3.2,1,0,0.0,1.4571602681416331
4589,67.0,3,10241.0,7,Suite,Agent,1.0,India,3.4,0,1,-1.5349383748321896,-0.37450615955073985
4590,,4,,1,Standard,Website,0.0,India,3.3,0,0,-0.8055421641892175,0.8464994880946276
4591,100.0,1,2217.0,7,Suite,App,1.0,USA,4.4,0,0,1.6849285883440959,0.3661641847889628
4592,110.0,5,5847.0,8,Standard,Website,0.0,Europe,2.4,1,0,-0.9553901653892016,0.11426409073206059
4593,26.0,4,8420.0,7,Suite,Website,0.0,Other,3.4,0,0,1.3164270381304186,1.9995303779099798
4594,0.0,3,12575.0,4,Standard,Agent,1.0,USA,4.9,0,0,-1.2171726276968755,0.7976172604350289
4595,63.0,4,11655.0,9,Standard,Agent,1.0,India,3.5,0,1,-1.7729918416887118,0.821912909288266
4596,42.0,5,5344.0,7,Standard,Agent,1.0,Europe,4.2,1,1,-0.5950248903432861,0.9962070679717365
4597,21.0,2,6710.0,4,Standard,Website,0.0,Other,4.2,0,0,0.6597755787682652,-0.25625050465264004
0,101.0,1,9193.0,2,Standard,App,0.0,USA,4.9,0,0,0.6458034594741966,-1.209023847939456
4599,114.0,5,5012.0,1,Suite,App,0.0,Other,3.4,0,0,0.03214804531516898,-1.2034200651666125
4600,77.0,1,,1,Deluxe,Website,0.0,India,4.3,0,0,0.34273413264738456,-1.428715539508002
4601,44.0,1,10034.0,1,Standard,Website,1.0,India,3.4,0,0,0.8251803101067481,-0.40709349359135993
4602,8.0,3,4074.0,5,Standard,Agent,0.0,India,2.8,0,1,-0.4825630755604354,0.8323622528740298
4603,9.0,1,0.0,9,Deluxe,Website,0.0,Europe,2.4,0,0,0.5163889612278941,-0.5409280644151551
4604,70.0,2,13361.0,1,Standard,Website,0.0,Europe,2.4,1,1,0.46313363815007697,1.1607841215833894
4605,22.0,2,6296.0,3,Suite,Website,0.0,Other,2.4,0,0,-0.12361388761291861,1.6408205234144482
4606,59.0,4,9116.0,8,Suite,Agent,1.0,India,4.5,1,0,-0.1918020449300102,0.7359536973095573
4607,23.0,3,2504.0,7,Standard,Agent,0.0,Other,2.4,0,1,0.25538204533335046,0.9018313660967774
4608,81.0,2,4131.0,8,Suite,Website,1.0,USA,3.7,1,0,-0.2372324511040225,-0.5479556204637877
4609,51.0,5,7721.0,6,Standard,Agent,1.0,Europe,3.5,1,0,-0.37032534968177233,-0.2847565125705554
4610,40.0,2,8509.0,9,Suite,Website,0.0,USA,2.1,1,1,-0.37586437924399685,0.9752514659559052
4611,113.0,3,3170.0,5,Standard,Agent,0.0,India,3.5,1,1,-1.690926888786091,0.5322243481924205
4612,27.0,1,6096.0,9,Deluxe,Website,0.0,Other,2.8,1,0,-0.39509856379375413,0.9855377261608755
4613,26.0,1,,8,Suite,App,0.0,USA,4.6,1,0,1.4441738222991034,0.191017734064415
4614,86.0,4,13638.0,2,Standard,Agent,1.0,Europe,3.1,1,1,0.05036766848372481,-0.7961616281099066
4615,102.0,4,8746.0,5,Suite,App,1.0,USA,4.8,0,1,0.8702101841338721,-0.6763094206745619
4616,52.0,1,4231.0,8,Deluxe,Agent,1.0,India,2.8,1,1,-1.1232403751855398,-1.5344222904779528
4617,113.0,3,14186.0,6,Suite,Website,0.0,Europe,2.2,1,1,0.6481783311740211,1.0536913397919534
4618,5.0,2,4646.0,0,Suite,App,1.0,Europe,3.6,1,1,-2.857266731463716,1.087176421551048
4619,89.0,4,2600.0,7,Standard,Website,0.0,Europe,2.9,0,1,-0.3426765743225036,-2.202699863907388
4620,16.0,4,14112.0,7,Suite,App,0.0,India,3.5,1,0,-0.7540501956198977,0.8334740438694577
4621,88.0,1,4883.0,5,Deluxe,Website,0.0,Europe,4.1,1,0,-1.5909410159896584,-0.22190774186029408
4622,26.0,2,7907.0,5,Suite,Agent,0.0,Europe,4.4,0,1,-1.6780040047705143,-1.4307356654289252
4623,21.0,5,4235.0,2,Suite,Website,1.0,USA,3.7,1,0,-0.22983431279946814,0.2288006840735435
4624,54.0,4,4591.0,8,Deluxe,Agent,0.0,Other,2.1,0,0,-0.018785720407237295,0.2035524519694895
4625,99.0,1,4930.0,7,Suite,Agent,0.0,Europe,4.1,1,0,-0.6589785794076701,1.1164142756895528
4626,48.0,3,14312.0,5,Suite,Agent,1.0,Other,4.2,1,0,0.9836583841658336,1.0512804366114452
4627,83.0,1,12447.0,8,Suite,Website,0.0,India,3.6,0,0,1.1310714652987577,-0.8189481158324862
4628,64.0,0,7869.0,2,Standard,Agent,0.0,Other,3.1,0,0,-0.6344056272295596,1.331125781360019
4629,34.0,2,7777.0,3,Standard,App,1.0,Other,0.0,1,0,0.22494693417135583,-0.21394506613986342
4630,30.0,2,10808.0,7,Deluxe,App,0.0,India,5.0,1,1,0.22633069594760832,1.5060713489799702
4631,5.0,4,4368.0,6,Standard,App,1.0,Europe,2.2,1,0,-0.4371642216849812,-0.4637918807024317
4632,7.0,4,3631.0,2,Standard,App,1.0,USA,4.5,0,0,0.4516669609271925,-0.9280279216649159
4633,107.0,3,12617.0,2,Standard,App,0.0,India,2.2,0,1,-0.29047235156529394,-1.2404362839443952
4634,52.0,5,7794.0,8,Standard,Website,0.0,India,3.0,1,0,-0.7964218958550815,-1.4195525215650155
4635,0.0,2,,5,Suite,Agent,1.0,Europe,2.5,0,1,-0.14396401621219151,-0.029021790275596353
4636,69.0,1,7640.0,1,Suite,Website,1.0,Europe,3.3,1,1,-1.112689926281811,-0.6122130943378853
4637,111.0,5,7182.0,3,Deluxe,App,0.0,Europe,3.9,0,0,-0.8650126115753389,0.0
4638,33.0,3,7547.0,4,Standard,Website,0.0,India,2.4,0,1,-0.26008568807021126,-2.6748692758796144
4639,64.0,3,6344.0,8,Deluxe,App,1.0,Other,2.7,1,1,-1.0382146593387964,0.19170135241619257
4640,96.0,3,9155.0,2,Deluxe,Website,0.0,Other,2.0,0,0,1.7279077980640312,-0.2843583795189881
4641,3.0,5,7198.0,4,Suite,Agent,1.0,Other,4.1,0,1,-0.5630249141352113,1.5538854406766338
4642,73.0,4,4080.0,5,Suite,App,1.0,India,0.0,0,1,-0.9269240289075653,0.46686387547642977
4643,55.0,2,6579.0,8,Suite,Agent,1.0,USA,2.0,1,0,0.7878825164907549,-1.1807000512317374
4644,3.0,3,0.0,4,Suite,Website,1.0,Europe,4.6,1,1,0.0,-0.11591990754733346
4645,78.0,2,11667.0,6,Standard,Agent,0.0,USA,4.4,0,1,0.2900357035359818,-0.8093352407996863
4646,50.0,3,5731.0,8,Standard,Agent,1.0,India,4.4,1,0,0.9883111888474708,-2.345912073786724
4647,37.0,4,4636.0,8,Suite,App,1.0,USA,3.0,1,1,-2.727707764261004,-1.4891100905056125
4648,30.0,5,10397.0,7,Standard,Agent,1.0,Other,3.8,0,1,0.8239451519410573,-0.028317053315422613
4649,14.0,2,9024.0,5,Deluxe,Agent,1.0,USA,4.4,1,0,0.4989992242945968,1.6065301344007057
4650,61.0,5,3651.0,8,Deluxe,Website,1.0,USA,5.0,1,0,0.46405265640817195,-0.8687293604487218
4651,0.0,4,11946.0,3,Deluxe,App,0.0,USA,3.2,1,1,-2.000147197486583,-0.8608932471372405
4652,72.0,3,11200.0,7,Suite,Agent,0.0,Europe,0.0,1,1,0.8306904599865592,-0.6143698605770976
4653,65.0,4,14957.0,1,Suite,Agent,1.0,USA,2.2,0,0,1.3906183917243204,-0.6665595866518739
4654,0.0,5,10628.0,8,Standard,Agent,0.0,India,2.2,0,0,1.799040119694608,0.25045475558952424
4655,14.0,5,11111.0,4,Suite,Website,0.0,USA,4.5,1,1,0.0,0.1607286433629454
4656,63.0,2,0.0,2,Standard,Website,1.0,USA,2.6,1,0,-0.5468680540287476,-0.44428323264856057
4657,66.0,4,2488.0,9,Deluxe,App,1.0,India,4.7,1,0,0.35192173131056015,0.2754074945983894
4658,20.0,5,5299.0,5,Suite,Agent,1.0,USA,3.8,0,0,-0.40833222454316476,0.02016252459800062
4659,81.0,2,7306.0,8,Suite,Agent,0.0,USA,2.8,1,0,0.7508133717604553,-0.2676441202140891
4660,0.0,1,4455.0,7,Deluxe,Agent,1.0,,2.4,1,0,-0.0033455298791167324,0.31396733178466807
4661,59.0,3,3536.0,6,Standard,App,0.0,USA,5.0,1,1,0.0,-0.8809330476050041
4662,1.0,5,14684.0,5,Deluxe,Agent,1.0,USA,4.9,1,0,0.9568394905527356,0.6802232084255188
4663,115.0,5,7556.0,7,Suite,Agent,0.0,Other,2.3,1,1,-0.11160446645201014,-0.28917454031850803
4664,37.0,3,6297.0,2,Deluxe,App,1.0,Other,2.1,0,1,-1.2065442144821794,-1.0506737579071719
4665,91.0,4,4213.0,1,Deluxe,App,0.0,Other,3.9,1,0,2.083809539376101,-0.7765259843053283
4666,83.0,5,12255.0,6,Standard,App,0.0,India,5.0,0,1,0.8354836753476828,-0.5910661368351713
4667,,5,4798.0,3,Deluxe,App,0.0,USA,2.4,0,1,-0.2150738613334506,0.4144612020258657
4668,13.0,1,2907.0,4,Deluxe,Website,1.0,,2.5,0,0,-2.436138305969606,-1.7775341324412
4669,56.0,2,6225.0,7,Suite,Website,0.0,Europe,2.8,1,0,-0.14264634893830172,0.11134626496509052
4670,112.0,4,5496.0,0,Standard,App,0.0,Europe,4.7,1,0,-0.39616941073371015,0.566564889444626
4671,110.0,4,,1,Standard,Agent,0.0,India,3.9,0,0,1.3230443448292017,-0.8810560613589629
0,54.0,0,7091.0,6,Suite,Website,1.0,Europe,2.2,1,0,1.2893964984247606,0.5743730886339059
4673,12.0,1,6903.0,4,Standard,App,1.0,Other,3.8,1,1,-0.9735549670012396,0.10627134818167096
4674,118.0,3,4823.0,1,Deluxe,App,0.0,India,2.2,0,0,1.4313183195585921,0.053221839424677585
4675,37.0,2,2777.0,5,Suite,App,1.0,India,3.8,0,0,-1.1983268299493044,0.8226209122168501
4676,95.0,1,10438.0,6,Deluxe,Website,0.0,USA,,1,0,-0.7454351674328478,-1.0031333745754438
4677,71.0,5,4897.0,4,Suite,Agent,0.0,Europe,3.0,0,0,-0.682751752880467,-0.11327624010910534
4678,20.0,3,2782.0,8,Standard,App,0.0,India,4.1,1,0,-1.013726758366125,-0.451784364171791
4679,85.0,1,12566.0,2,Deluxe,App,0.0,Europe,3.4,1,0,0.5974538356453336,-1.4150719199853934
4680,45.0,5,12714.0,7,Suite,Agent,0.0,Other,4.2,1,0,-0.4946550000282233,0.2232678075508913
4681,57.0,4,11517.0,1,Suite,Agent,0.0,USA,2.9,0,1,-1.2759761439343846,1.0586587665712788
4682,77.0,5,7629.0,6,Deluxe,Agent,1.0,India,3.4,1,0,-0.3748237395629996,-0.9191897199929743
4683,96.0,3,8018.0,6,Suite,App,1.0,Other,2.7,0,1,-1.6435766647811751,-1.2444547336340588
4684,14.0,4,12249.0,6,Deluxe,Website,1.0,India,2.0,1,0,1.5378578209078477,-0.6562649266778436
4685,79.0,1,6511.0,9,Suite,Website,0.0,Other,2.3,0,0,-1.3047156134694828,-0.3383564204263109
4686,104.0,1,10154.0,9,Deluxe,App,0.0,USA,2.7,0,0,0.13362656189407782,0.9364213787549205
4687,73.0,4,14776.0,8,Suite,App,1.0,India,3.1,1,0,1.0179392872548316,-0.11287961361524573
4688,97.0,5,4653.0,6,Suite,Website,0.0,Other,3.3,1,0,-0.35314729658860045,-1.2107793014590857
4689,84.0,1,2777.0,4,Suite,App,0.0,,3.7,1,0,-0.7389027530401009,1.7991555896347717
4690,52.0,3,2816.0,1,Suite,Website,1.0,Other,2.9,0,0,-0.529120618897884,0.35761559456409314
4691,81.0,1,5844.0,4,Suite,Website,0.0,Europe,4.4,0,0,0.3916159237249649,1.719915051456197
4692,50.0,3,5092.0,2,Standard,Agent,1.0,Other,4.9,1,0,1.281611883844808,0.5853919628844609
4693,11.0,2,6247.0,9,Deluxe,App,0.0,USA,2.0,0,0,-0.39768885716517116,-1.2527928185283
4694,,2,4064.0,5,Standard,App,0.0,Other,4.3,1,0,-0.7625928279926542,0.0
4695,58.0,3,5779.0,1,Deluxe,Website,1.0,India,2.2,0,0,0.2509676317031553,-0.9595123542038202
4696,103.0,0,8376.0,7,Suite,Agent,0.0,India,4.2,1,1,-2.3572534082423338,1.0720855878104802
4697,111.0,1,6585.0,3,Suite,App,1.0,India,4.2,0,1,0.732479456017694,1.5571825284879353
4698,46.0,3,13317.0,9,Standard,Website,1.0,India,3.5,0,0,1.1401269340063582,-0.3526914791711451
4699,66.0,2,12803.0,3,Standard,Website,0.0,India,2.6,0,0,0.26560957723333,0.14087224156457318
4700,13.0,1,9286.0,6,Deluxe,Website,0.0,Europe,3.2,0,1,-1.25023064117803,-0.2524430129795892
